work_run_id,vdir,eplusout_csv_exists,eplusout_csv_size,eplusout_err_exists,eplusout_eio_exists,fatal_count,severe_count,warning_count,work_dir
epvwr_160bca2ff4ff,v001,False,0,False,False,0,0,0,D:\ScaleBridge_EPlus_Work\epvwr_160bca2ff4ff\v001
epvwr_160bca2ff4ff,v002,False,0,False,False,0,0,0,D:\ScaleBridge_EPlus_Work\epvwr_160bca2ff4ff\v002
epvwr_160bca2ff4ff,v003,False,0,False,False,0,0,0,D:\ScaleBridge_EPlus_Work\epvwr_160bca2ff4ff\v003
epvwr_160bca2ff4ff,v004,False,0,False,False,0,0,0,D:\ScaleBridge_EPlus_Work\epvwr_160bca2ff4ff\v004
epvwr_160bca2ff4ff,v005,False,0,False,False,0,0,0,D:\ScaleBridge_EPlus_Work\epvwr_160bca2ff4ff\v005
epvwr_160bca2ff4ff,v006,False,0,False,False,0,0,0,D:\ScaleBridge_EPlus_Work\epvwr_160bca2ff4ff\v006
epvwr_160bca2ff4ff,v007,False,0,False,False,0,0,0,D:\ScaleBridge_EPlus_Work\epvwr_160bca2ff4ff\v007
epvwr_160bca2ff4ff,v008,False,0,False,False,0,0,0,D:\ScaleBridge_EPlus_Work\epvwr_160bca2ff4ff\v008
epvwr_160bca2ff4ff,v009,False,0,False,False,0,0,0,D:\ScaleBridge_EPlus_Work\epvwr_160bca2ff4ff\v009
epvwr_160bca2ff4ff,v010,False,0,False,False,0,0,0,D:\ScaleBridge_EPlus_Work\epvwr_160bca2ff4ff\v010
epvwr_160bca2ff4ff,v011,False,0,False,False,0,0,0,D:\ScaleBridge_EPlus_Work\epvwr_160bca2ff4ff\v011
epvwr_160bca2ff4ff,v012,False,0,False,False,0,0,0,D:\ScaleBridge_EPlus_Work\epvwr_160bca2ff4ff\v012
epvwr_160bca2ff4ff,v013,False,0,False,False,0,0,0,D:\ScaleBridge_EPlus_Work\epvwr_160bca2ff4ff\v013
epvwr_160bca2ff4ff,v014,False,0,False,False,0,0,0,D:\ScaleBridge_EPlus_Work\epvwr_160bca2ff4ff\v014
epvwr_160bca2ff4ff,v015,False,0,False,False,0,0,0,D:\ScaleBridge_EPlus_Work\epvwr_160bca2ff4ff\v015
epvwr_160bca2ff4ff,v016,False,0,False,False,0,0,0,D:\ScaleBridge_EPlus_Work\epvwr_160bca2ff4ff\v016
epvwr_160bca2ff4ff,v017,False,0,False,False,0,0,0,D:\ScaleBridge_EPlus_Work\epvwr_160bca2ff4ff\v017
epvwr_160bca2ff4ff,v018,False,0,False,False,0,0,0,D:\ScaleBridge_EPlus_Work\epvwr_160bca2ff4ff\v018
epvwr_160bca2ff4ff,v019,False,0,False,False,0,0,0,D:\ScaleBridge_EPlus_Work\epvwr_160bca2ff4ff\v019
epvwr_160bca2ff4ff,v020,False,0,False,False,0,0,0,D:\ScaleBridge_EPlus_Work\epvwr_160bca2ff4ff\v020
epvwr_160bca2ff4ff,v021,False,0,False,False,0,0,0,D:\ScaleBridge_EPlus_Work\epvwr_160bca2ff4ff\v021
epvwr_160bca2ff4ff,v022,False,0,False,False,0,0,0,D:\ScaleBridge_EPlus_Work\epvwr_160bca2ff4ff\v022
epvwr_160bca2ff4ff,v023,False,0,False,False,0,0,0,D:\ScaleBridge_EPlus_Work\epvwr_160bca2ff4ff\v023
epvwr_160bca2ff4ff,v024,False,0,False,False,0,0,0,D:\ScaleBridge_EPlus_Work\epvwr_160bca2ff4ff\v024
epvwr_160bca2ff4ff,v025,False,0,False,False,0,0,0,D:\ScaleBridge_EPlus_Work\epvwr_160bca2ff4ff\v025
epvwr_160bca2ff4ff,v026,False,0,False,False,0,0,0,D:\ScaleBridge_EPlus_Work\epvwr_160bca2ff4ff\v026
epvwr_160bca2ff4ff,v027,False,0,False,False,0,0,0,D:\ScaleBridge_EPlus_Work\epvwr_160bca2ff4ff\v027
epvwr_160bca2ff4ff,v028,False,0,False,False,0,0,0,D:\ScaleBridge_EPlus_Work\epvwr_160bca2ff4ff\v028
epvwr_160bca2ff4ff,v029,False,0,False,False,0,0,0,D:\ScaleBridge_EPlus_Work\epvwr_160bca2ff4ff\v029
epvwr_160bca2ff4ff,v030,False,0,False,False,0,0,0,D:\ScaleBridge_EPlus_Work\epvwr_160bca2ff4ff\v030
epvwr_160bca2ff4ff,v031,False,0,False,False,0,0,0,D:\ScaleBridge_EPlus_Work\epvwr_160bca2ff4ff\v031
epvwr_160bca2ff4ff,v032,False,0,False,False,0,0,0,D:\ScaleBridge_EPlus_Work\epvwr_160bca2ff4ff\v032
epvwr_160bca2ff4ff,v033,False,0,False,False,0,0,0,D:\ScaleBridge_EPlus_Work\epvwr_160bca2ff4ff\v033
epvwr_160bca2ff4ff,v034,False,0,False,False,0,0,0,D:\ScaleBridge_EPlus_Work\epvwr_160bca2ff4ff\v034
epvwr_160bca2ff4ff,v035,False,0,False,False,0,0,0,D:\ScaleBridge_EPlus_Work\epvwr_160bca2ff4ff\v035
epvwr_1f50fd9f53ef,v001,False,0,False,False,0,0,0,D:\ScaleBridge_EPlus_Work\epvwr_1f50fd9f53ef\v001
epvwr_1f50fd9f53ef,v002,False,0,False,False,0,0,0,D:\ScaleBridge_EPlus_Work\epvwr_1f50fd9f53ef\v002
epvwr_1f50fd9f53ef,v003,False,0,False,False,0,0,0,D:\ScaleBridge_EPlus_Work\epvwr_1f50fd9f53ef\v003
epvwr_1f50fd9f53ef,v004,False,0,False,False,0,0,0,D:\ScaleBridge_EPlus_Work\epvwr_1f50fd9f53ef\v004
epvwr_1f50fd9f53ef,v005,False,0,False,False,0,0,0,D:\ScaleBridge_EPlus_Work\epvwr_1f50fd9f53ef\v005
epvwr_1f50fd9f53ef,v006,False,0,False,False,0,0,0,D:\ScaleBridge_EPlus_Work\epvwr_1f50fd9f53ef\v006
epvwr_1f50fd9f53ef,v007,False,0,False,False,0,0,0,D:\ScaleBridge_EPlus_Work\epvwr_1f50fd9f53ef\v007
epvwr_1f50fd9f53ef,v008,False,0,False,False,0,0,0,D:\ScaleBridge_EPlus_Work\epvwr_1f50fd9f53ef\v008
epvwr_1f50fd9f53ef,v009,False,0,False,False,0,0,0,D:\ScaleBridge_EPlus_Work\epvwr_1f50fd9f53ef\v009
epvwr_1f50fd9f53ef,v010,False,0,False,False,0,0,0,D:\ScaleBridge_EPlus_Work\epvwr_1f50fd9f53ef\v010
epvwr_1f50fd9f53ef,v011,False,0,False,False,0,0,0,D:\ScaleBridge_EPlus_Work\epvwr_1f50fd9f53ef\v011
epvwr_1f50fd9f53ef,v012,False,0,False,False,0,0,0,D:\ScaleBridge_EPlus_Work\epvwr_1f50fd9f53ef\v012
epvwr_1f50fd9f53ef,v013,False,0,False,False,0,0,0,D:\ScaleBridge_EPlus_Work\epvwr_1f50fd9f53ef\v013
epvwr_1f50fd9f53ef,v014,False,0,False,False,0,0,0,D:\ScaleBridge_EPlus_Work\epvwr_1f50fd9f53ef\v014
epvwr_1f50fd9f53ef,v015,False,0,False,False,0,0,0,D:\ScaleBridge_EPlus_Work\epvwr_1f50fd9f53ef\v015
epvwr_1f50fd9f53ef,v016,False,0,False,False,0,0,0,D:\ScaleBridge_EPlus_Work\epvwr_1f50fd9f53ef\v016
epvwr_1f50fd9f53ef,v017,False,0,False,False,0,0,0,D:\ScaleBridge_EPlus_Work\epvwr_1f50fd9f53ef\v017
epvwr_1f50fd9f53ef,v018,False,0,False,False,0,0,0,D:\ScaleBridge_EPlus_Work\epvwr_1f50fd9f53ef\v018
epvwr_1f50fd9f53ef,v019,False,0,False,False,0,0,0,D:\ScaleBridge_EPlus_Work\epvwr_1f50fd9f53ef\v019
epvwr_1f50fd9f53ef,v020,False,0,False,False,0,0,0,D:\ScaleBridge_EPlus_Work\epvwr_1f50fd9f53ef\v020
epvwr_1f50fd9f53ef,v021,False,0,False,False,0,0,0,D:\ScaleBridge_EPlus_Work\epvwr_1f50fd9f53ef\v021
epvwr_1f50fd9f53ef,v022,False,0,False,False,0,0,0,D:\ScaleBridge_EPlus_Work\epvwr_1f50fd9f53ef\v022
epvwr_1f50fd9f53ef,v023,False,0,False,False,0,0,0,D:\ScaleBridge_EPlus_Work\epvwr_1f50fd9f53ef\v023
epvwr_1f50fd9f53ef,v024,False,0,False,False,0,0,0,D:\ScaleBridge_EPlus_Work\epvwr_1f50fd9f53ef\v024
epvwr_1f50fd9f53ef,v025,False,0,False,False,0,0,0,D:\ScaleBridge_EPlus_Work\epvwr_1f50fd9f53ef\v025
epvwr_1f50fd9f53ef,v026,False,0,False,False,0,0,0,D:\ScaleBridge_EPlus_Work\epvwr_1f50fd9f53ef\v026
epvwr_1f50fd9f53ef,v027,False,0,False,False,0,0,0,D:\ScaleBridge_EPlus_Work\epvwr_1f50fd9f53ef\v027
epvwr_1f50fd9f53ef,v028,False,0,False,False,0,0,0,D:\ScaleBridge_EPlus_Work\epvwr_1f50fd9f53ef\v028
epvwr_1f50fd9f53ef,v029,False,0,False,False,0,0,0,D:\ScaleBridge_EPlus_Work\epvwr_1f50fd9f53ef\v029
epvwr_1f50fd9f53ef,v030,False,0,False,False,0,0,0,D:\ScaleBridge_EPlus_Work\epvwr_1f50fd9f53ef\v030
epvwr_1f50fd9f53ef,v031,False,0,False,False,0,0,0,D:\ScaleBridge_EPlus_Work\epvwr_1f50fd9f53ef\v031
epvwr_1f50fd9f53ef,v032,False,0,False,False,0,0,0,D:\ScaleBridge_EPlus_Work\epvwr_1f50fd9f53ef\v032
epvwr_1f50fd9f53ef,v033,False,0,False,False,0,0,0,D:\ScaleBridge_EPlus_Work\epvwr_1f50fd9f53ef\v033
epvwr_1f50fd9f53ef,v034,False,0,False,False,0,0,0,D:\ScaleBridge_EPlus_Work\epvwr_1f50fd9f53ef\v034
epvwr_1f50fd9f53ef,v035,False,0,False,False,0,0,0,D:\ScaleBridge_EPlus_Work\epvwr_1f50fd9f53ef\v035
epvwr_265b817d8f21,v001,False,0,False,False,0,0,0,D:\ScaleBridge_EPlus_Work\epvwr_265b817d8f21\v001
epvwr_265b817d8f21,v002,False,0,False,False,0,0,0,D:\ScaleBridge_EPlus_Work\epvwr_265b817d8f21\v002
epvwr_265b817d8f21,v003,False,0,False,False,0,0,0,D:\ScaleBridge_EPlus_Work\epvwr_265b817d8f21\v003
epvwr_265b817d8f21,v004,False,0,False,False,0,0,0,D:\ScaleBridge_EPlus_Work\epvwr_265b817d8f21\v004
epvwr_265b817d8f21,v005,False,0,False,False,0,0,0,D:\ScaleBridge_EPlus_Work\epvwr_265b817d8f21\v005
epvwr_265b817d8f21,v006,False,0,False,False,0,0,0,D:\ScaleBridge_EPlus_Work\epvwr_265b817d8f21\v006
epvwr_265b817d8f21,v007,False,0,False,False,0,0,0,D:\ScaleBridge_EPlus_Work\epvwr_265b817d8f21\v007
epvwr_265b817d8f21,v008,False,0,False,False,0,0,0,D:\ScaleBridge_EPlus_Work\epvwr_265b817d8f21\v008
epvwr_265b817d8f21,v009,False,0,False,False,0,0,0,D:\ScaleBridge_EPlus_Work\epvwr_265b817d8f21\v009
epvwr_265b817d8f21,v010,False,0,False,False,0,0,0,D:\ScaleBridge_EPlus_Work\epvwr_265b817d8f21\v010
epvwr_265b817d8f21,v011,False,0,False,False,0,0,0,D:\ScaleBridge_EPlus_Work\epvwr_265b817d8f21\v011
epvwr_265b817d8f21,v012,False,0,False,False,0,0,0,D:\ScaleBridge_EPlus_Work\epvwr_265b817d8f21\v012
epvwr_265b817d8f21,v013,False,0,False,False,0,0,0,D:\ScaleBridge_EPlus_Work\epvwr_265b817d8f21\v013
epvwr_265b817d8f21,v014,False,0,False,False,0,0,0,D:\ScaleBridge_EPlus_Work\epvwr_265b817d8f21\v014
epvwr_265b817d8f21,v015,False,0,False,False,0,0,0,D:\ScaleBridge_EPlus_Work\epvwr_265b817d8f21\v015
epvwr_265b817d8f21,v016,False,0,False,False,0,0,0,D:\ScaleBridge_EPlus_Work\epvwr_265b817d8f21\v016
epvwr_265b817d8f21,v017,False,0,False,False,0,0,0,D:\ScaleBridge_EPlus_Work\epvwr_265b817d8f21\v017
epvwr_265b817d8f21,v018,False,0,False,False,0,0,0,D:\ScaleBridge_EPlus_Work\epvwr_265b817d8f21\v018
epvwr_265b817d8f21,v019,False,0,False,False,0,0,0,D:\ScaleBridge_EPlus_Work\epvwr_265b817d8f21\v019
epvwr_265b817d8f21,v020,False,0,False,False,0,0,0,D:\ScaleBridge_EPlus_Work\epvwr_265b817d8f21\v020
epvwr_265b817d8f21,v021,False,0,False,False,0,0,0,D:\ScaleBridge_EPlus_Work\epvwr_265b817d8f21\v021
epvwr_265b817d8f21,v022,False,0,False,False,0,0,0,D:\ScaleBridge_EPlus_Work\epvwr_265b817d8f21\v022
epvwr_265b817d8f21,v023,False,0,False,False,0,0,0,D:\ScaleBridge_EPlus_Work\epvwr_265b817d8f21\v023
epvwr_265b817d8f21,v024,False,0,False,False,0,0,0,D:\ScaleBridge_EPlus_Work\epvwr_265b817d8f21\v024
epvwr_265b817d8f21,v025,False,0,False,False,0,0,0,D:\ScaleBridge_EPlus_Work\epvwr_265b817d8f21\v025
epvwr_265b817d8f21,v026,False,0,False,False,0,0,0,D:\ScaleBridge_EPlus_Work\epvwr_265b817d8f21\v026
epvwr_265b817d8f21,v027,False,0,False,False,0,0,0,D:\ScaleBridge_EPlus_Work\epvwr_265b817d8f21\v027
epvwr_265b817d8f21,v028,False,0,False,False,0,0,0,D:\ScaleBridge_EPlus_Work\epvwr_265b817d8f21\v028
epvwr_265b817d8f21,v029,False,0,False,False,0,0,0,D:\ScaleBridge_EPlus_Work\epvwr_265b817d8f21\v029
epvwr_265b817d8f21,v030,False,0,False,False,0,0,0,D:\ScaleBridge_EPlus_Work\epvwr_265b817d8f21\v030
epvwr_265b817d8f21,v031,False,0,False,False,0,0,0,D:\ScaleBridge_EPlus_Work\epvwr_265b817d8f21\v031
epvwr_265b817d8f21,v032,False,0,False,False,0,0,0,D:\ScaleBridge_EPlus_Work\epvwr_265b817d8f21\v032
epvwr_265b817d8f21,v033,False,0,False,False,0,0,0,D:\ScaleBridge_EPlus_Work\epvwr_265b817d8f21\v033
epvwr_265b817d8f21,v034,False,0,False,False,0,0,0,D:\ScaleBridge_EPlus_Work\epvwr_265b817d8f21\v034
epvwr_265b817d8f21,v035,False,0,False,False,0,0,0,D:\ScaleBridge_EPlus_Work\epvwr_265b817d8f21\v035
epvwr_2f2f2acd3a07,v001,False,0,False,False,0,0,0,D:\ScaleBridge_EPlus_Work\epvwr_2f2f2acd3a07\v001
epvwr_2f2f2acd3a07,v002,False,0,False,False,0,0,0,D:\ScaleBridge_EPlus_Work\epvwr_2f2f2acd3a07\v002
epvwr_2f2f2acd3a07,v003,False,0,False,False,0,0,0,D:\ScaleBridge_EPlus_Work\epvwr_2f2f2acd3a07\v003
epvwr_2f2f2acd3a07,v004,False,0,False,False,0,0,0,D:\ScaleBridge_EPlus_Work\epvwr_2f2f2acd3a07\v004
epvwr_2f2f2acd3a07,v005,False,0,False,False,0,0,0,D:\ScaleBridge_EPlus_Work\epvwr_2f2f2acd3a07\v005
epvwr_2f2f2acd3a07,v006,False,0,False,False,0,0,0,D:\ScaleBridge_EPlus_Work\epvwr_2f2f2acd3a07\v006
epvwr_2f2f2acd3a07,v007,False,0,False,False,0,0,0,D:\ScaleBridge_EPlus_Work\epvwr_2f2f2acd3a07\v007
epvwr_2f2f2acd3a07,v008,False,0,False,False,0,0,0,D:\ScaleBridge_EPlus_Work\epvwr_2f2f2acd3a07\v008
epvwr_2f2f2acd3a07,v009,False,0,False,False,0,0,0,D:\ScaleBridge_EPlus_Work\epvwr_2f2f2acd3a07\v009
epvwr_2f2f2acd3a07,v010,False,0,False,False,0,0,0,D:\ScaleBridge_EPlus_Work\epvwr_2f2f2acd3a07\v010
epvwr_2f2f2acd3a07,v011,False,0,False,False,0,0,0,D:\ScaleBridge_EPlus_Work\epvwr_2f2f2acd3a07\v011
epvwr_2f2f2acd3a07,v012,False,0,False,False,0,0,0,D:\ScaleBridge_EPlus_Work\epvwr_2f2f2acd3a07\v012
epvwr_2f2f2acd3a07,v013,False,0,False,False,0,0,0,D:\ScaleBridge_EPlus_Work\epvwr_2f2f2acd3a07\v013
epvwr_2f2f2acd3a07,v014,False,0,False,False,0,0,0,D:\ScaleBridge_EPlus_Work\epvwr_2f2f2acd3a07\v014
epvwr_2f2f2acd3a07,v015,False,0,False,False,0,0,0,D:\ScaleBridge_EPlus_Work\epvwr_2f2f2acd3a07\v015
epvwr_2f2f2acd3a07,v016,False,0,False,False,0,0,0,D:\ScaleBridge_EPlus_Work\epvwr_2f2f2acd3a07\v016
epvwr_2f2f2acd3a07,v017,False,0,False,False,0,0,0,D:\ScaleBridge_EPlus_Work\epvwr_2f2f2acd3a07\v017
epvwr_2f2f2acd3a07,v018,False,0,False,False,0,0,0,D:\ScaleBridge_EPlus_Work\epvwr_2f2f2acd3a07\v018
epvwr_2f2f2acd3a07,v019,False,0,False,False,0,0,0,D:\ScaleBridge_EPlus_Work\epvwr_2f2f2acd3a07\v019
epvwr_2f2f2acd3a07,v020,False,0,False,False,0,0,0,D:\ScaleBridge_EPlus_Work\epvwr_2f2f2acd3a07\v020
epvwr_2f2f2acd3a07,v021,False,0,False,False,0,0,0,D:\ScaleBridge_EPlus_Work\epvwr_2f2f2acd3a07\v021
epvwr_2f2f2acd3a07,v022,False,0,False,False,0,0,0,D:\ScaleBridge_EPlus_Work\epvwr_2f2f2acd3a07\v022
epvwr_2f2f2acd3a07,v023,False,0,False,False,0,0,0,D:\ScaleBridge_EPlus_Work\epvwr_2f2f2acd3a07\v023
epvwr_2f2f2acd3a07,v024,False,0,False,False,0,0,0,D:\ScaleBridge_EPlus_Work\epvwr_2f2f2acd3a07\v024
epvwr_2f2f2acd3a07,v025,False,0,False,False,0,0,0,D:\ScaleBridge_EPlus_Work\epvwr_2f2f2acd3a07\v025
epvwr_2f2f2acd3a07,v026,False,0,False,False,0,0,0,D:\ScaleBridge_EPlus_Work\epvwr_2f2f2acd3a07\v026
epvwr_2f2f2acd3a07,v029,False,0,False,False,0,0,0,D:\ScaleBridge_EPlus_Work\epvwr_2f2f2acd3a07\v029
epvwr_2f2f2acd3a07,v030,False,0,False,False,0,0,0,D:\ScaleBridge_EPlus_Work\epvwr_2f2f2acd3a07\v030
epvwr_2f2f2acd3a07,v031,False,0,False,False,0,0,0,D:\ScaleBridge_EPlus_Work\epvwr_2f2f2acd3a07\v031
epvwr_2f2f2acd3a07,v032,False,0,False,False,0,0,0,D:\ScaleBridge_EPlus_Work\epvwr_2f2f2acd3a07\v032
epvwr_2f2f2acd3a07,v033,False,0,False,False,0,0,0,D:\ScaleBridge_EPlus_Work\epvwr_2f2f2acd3a07\v033
epvwr_2f2f2acd3a07,v034,False,0,False,False,0,0,0,D:\ScaleBridge_EPlus_Work\epvwr_2f2f2acd3a07\v034
epvwr_2f2f2acd3a07,v035,False,0,False,False,0,0,0,D:\ScaleBridge_EPlus_Work\epvwr_2f2f2acd3a07\v035
epvwr_3ddcae910858,v017,False,0,True,True,0,0,37,D:\ScaleBridge_EPlus_Work\epvwr_3ddcae910858\v017
epvwr_3ddcae910858,v018,False,0,True,True,0,0,37,D:\ScaleBridge_EPlus_Work\epvwr_3ddcae910858\v018
epvwr_3ddcae910858,v019,False,0,True,True,0,0,37,D:\ScaleBridge_EPlus_Work\epvwr_3ddcae910858\v019
epvwr_3ddcae910858,v024,False,0,True,True,0,0,37,D:\ScaleBridge_EPlus_Work\epvwr_3ddcae910858\v024
epvwr_3ddcae910858,v025,False,0,True,True,0,0,37,D:\ScaleBridge_EPlus_Work\epvwr_3ddcae910858\v025
epvwr_3ddcae910858,v026,False,0,True,True,0,0,37,D:\ScaleBridge_EPlus_Work\epvwr_3ddcae910858\v026
epvwr_3e828192556b,v001,False,0,False,False,0,0,0,D:\ScaleBridge_EPlus_Work\epvwr_3e828192556b\v001
epvwr_3e828192556b,v002,False,0,False,False,0,0,0,D:\ScaleBridge_EPlus_Work\epvwr_3e828192556b\v002
epvwr_3e828192556b,v003,False,0,False,False,0,0,0,D:\ScaleBridge_EPlus_Work\epvwr_3e828192556b\v003
epvwr_3e828192556b,v004,False,0,False,False,0,0,0,D:\ScaleBridge_EPlus_Work\epvwr_3e828192556b\v004
epvwr_3e828192556b,v005,False,0,False,False,0,0,0,D:\ScaleBridge_EPlus_Work\epvwr_3e828192556b\v005
epvwr_3e828192556b,v006,False,0,False,False,0,0,0,D:\ScaleBridge_EPlus_Work\epvwr_3e828192556b\v006
epvwr_3e828192556b,v007,False,0,False,False,0,0,0,D:\ScaleBridge_EPlus_Work\epvwr_3e828192556b\v007
epvwr_3e828192556b,v008,False,0,False,False,0,0,0,D:\ScaleBridge_EPlus_Work\epvwr_3e828192556b\v008
epvwr_3e828192556b,v009,False,0,False,False,0,0,0,D:\ScaleBridge_EPlus_Work\epvwr_3e828192556b\v009
epvwr_3e828192556b,v010,False,0,False,False,0,0,0,D:\ScaleBridge_EPlus_Work\epvwr_3e828192556b\v010
epvwr_3e828192556b,v011,False,0,False,False,0,0,0,D:\ScaleBridge_EPlus_Work\epvwr_3e828192556b\v011
epvwr_3e828192556b,v012,False,0,False,False,0,0,0,D:\ScaleBridge_EPlus_Work\epvwr_3e828192556b\v012
epvwr_3e828192556b,v013,False,0,False,False,0,0,0,D:\ScaleBridge_EPlus_Work\epvwr_3e828192556b\v013
epvwr_3e828192556b,v014,False,0,False,False,0,0,0,D:\ScaleBridge_EPlus_Work\epvwr_3e828192556b\v014
epvwr_3e828192556b,v015,False,0,False,False,0,0,0,D:\ScaleBridge_EPlus_Work\epvwr_3e828192556b\v015
epvwr_3e828192556b,v016,False,0,False,False,0,0,0,D:\ScaleBridge_EPlus_Work\epvwr_3e828192556b\v016
epvwr_3e828192556b,v017,False,0,False,False,0,0,0,D:\ScaleBridge_EPlus_Work\epvwr_3e828192556b\v017
epvwr_3e828192556b,v018,False,0,False,False,0,0,0,D:\ScaleBridge_EPlus_Work\epvwr_3e828192556b\v018
epvwr_3e828192556b,v019,False,0,False,False,0,0,0,D:\ScaleBridge_EPlus_Work\epvwr_3e828192556b\v019
epvwr_3e828192556b,v020,False,0,False,False,0,0,0,D:\ScaleBridge_EPlus_Work\epvwr_3e828192556b\v020
epvwr_3e828192556b,v021,False,0,False,False,0,0,0,D:\ScaleBridge_EPlus_Work\epvwr_3e828192556b\v021
epvwr_3e828192556b,v022,False,0,False,False,0,0,0,D:\ScaleBridge_EPlus_Work\epvwr_3e828192556b\v022
epvwr_3e828192556b,v023,False,0,False,False,0,0,0,D:\ScaleBridge_EPlus_Work\epvwr_3e828192556b\v023
epvwr_3e828192556b,v024,False,0,False,False,0,0,0,D:\ScaleBridge_EPlus_Work\epvwr_3e828192556b\v024
epvwr_3e828192556b,v025,False,0,False,False,0,0,0,D:\ScaleBridge_EPlus_Work\epvwr_3e828192556b\v025
epvwr_3e828192556b,v026,False,0,False,False,0,0,0,D:\ScaleBridge_EPlus_Work\epvwr_3e828192556b\v026
epvwr_3e828192556b,v027,False,0,False,False,0,0,0,D:\ScaleBridge_EPlus_Work\epvwr_3e828192556b\v027
epvwr_3e828192556b,v028,False,0,False,False,0,0,0,D:\ScaleBridge_EPlus_Work\epvwr_3e828192556b\v028
epvwr_3e828192556b,v029,False,0,False,False,0,0,0,D:\ScaleBridge_EPlus_Work\epvwr_3e828192556b\v029
epvwr_3e828192556b,v030,False,0,False,False,0,0,0,D:\ScaleBridge_EPlus_Work\epvwr_3e828192556b\v030
epvwr_3e828192556b,v031,False,0,False,False,0,0,0,D:\ScaleBridge_EPlus_Work\epvwr_3e828192556b\v031
epvwr_3e828192556b,v032,False,0,False,False,0,0,0,D:\ScaleBridge_EPlus_Work\epvwr_3e828192556b\v032
epvwr_3e828192556b,v033,False,0,False,False,0,0,0,D:\ScaleBridge_EPlus_Work\epvwr_3e828192556b\v033
epvwr_3e828192556b,v034,False,0,False,False,0,0,0,D:\ScaleBridge_EPlus_Work\epvwr_3e828192556b\v034
epvwr_3e828192556b,v035,False,0,False,False,0,0,0,D:\ScaleBridge_EPlus_Work\epvwr_3e828192556b\v035
epvwr_4e2f2c6111c4,v001,False,0,False,False,0,0,0,D:\ScaleBridge_EPlus_Work\epvwr_4e2f2c6111c4\v001
epvwr_4e2f2c6111c4,v002,False,0,False,False,0,0,0,D:\ScaleBridge_EPlus_Work\epvwr_4e2f2c6111c4\v002
epvwr_4e2f2c6111c4,v003,False,0,False,False,0,0,0,D:\ScaleBridge_EPlus_Work\epvwr_4e2f2c6111c4\v003
epvwr_4e2f2c6111c4,v004,False,0,False,False,0,0,0,D:\ScaleBridge_EPlus_Work\epvwr_4e2f2c6111c4\v004
epvwr_4e2f2c6111c4,v005,False,0,False,False,0,0,0,D:\ScaleBridge_EPlus_Work\epvwr_4e2f2c6111c4\v005
epvwr_4e2f2c6111c4,v006,False,0,False,False,0,0,0,D:\ScaleBridge_EPlus_Work\epvwr_4e2f2c6111c4\v006
epvwr_4e2f2c6111c4,v007,False,0,False,False,0,0,0,D:\ScaleBridge_EPlus_Work\epvwr_4e2f2c6111c4\v007
epvwr_4e2f2c6111c4,v008,False,0,False,False,0,0,0,D:\ScaleBridge_EPlus_Work\epvwr_4e2f2c6111c4\v008
epvwr_4e2f2c6111c4,v009,False,0,False,False,0,0,0,D:\ScaleBridge_EPlus_Work\epvwr_4e2f2c6111c4\v009
epvwr_4e2f2c6111c4,v010,False,0,False,False,0,0,0,D:\ScaleBridge_EPlus_Work\epvwr_4e2f2c6111c4\v010
epvwr_4e2f2c6111c4,v011,False,0,False,False,0,0,0,D:\ScaleBridge_EPlus_Work\epvwr_4e2f2c6111c4\v011
epvwr_4e2f2c6111c4,v012,False,0,False,False,0,0,0,D:\ScaleBridge_EPlus_Work\epvwr_4e2f2c6111c4\v012
epvwr_4e2f2c6111c4,v013,False,0,False,False,0,0,0,D:\ScaleBridge_EPlus_Work\epvwr_4e2f2c6111c4\v013
epvwr_4e2f2c6111c4,v014,False,0,False,False,0,0,0,D:\ScaleBridge_EPlus_Work\epvwr_4e2f2c6111c4\v014
epvwr_4e2f2c6111c4,v015,False,0,False,False,0,0,0,D:\ScaleBridge_EPlus_Work\epvwr_4e2f2c6111c4\v015
epvwr_4e2f2c6111c4,v016,False,0,False,False,0,0,0,D:\ScaleBridge_EPlus_Work\epvwr_4e2f2c6111c4\v016
epvwr_4e2f2c6111c4,v017,False,0,False,False,0,0,0,D:\ScaleBridge_EPlus_Work\epvwr_4e2f2c6111c4\v017
epvwr_4e2f2c6111c4,v018,False,0,False,False,0,0,0,D:\ScaleBridge_EPlus_Work\epvwr_4e2f2c6111c4\v018
epvwr_4e2f2c6111c4,v019,False,0,False,False,0,0,0,D:\ScaleBridge_EPlus_Work\epvwr_4e2f2c6111c4\v019
epvwr_4e2f2c6111c4,v020,False,0,False,False,0,0,0,D:\ScaleBridge_EPlus_Work\epvwr_4e2f2c6111c4\v020
epvwr_4e2f2c6111c4,v021,False,0,False,False,0,0,0,D:\ScaleBridge_EPlus_Work\epvwr_4e2f2c6111c4\v021
epvwr_4e2f2c6111c4,v022,False,0,False,False,0,0,0,D:\ScaleBridge_EPlus_Work\epvwr_4e2f2c6111c4\v022
epvwr_4e2f2c6111c4,v023,False,0,False,False,0,0,0,D:\ScaleBridge_EPlus_Work\epvwr_4e2f2c6111c4\v023
epvwr_4e2f2c6111c4,v024,False,0,False,False,0,0,0,D:\ScaleBridge_EPlus_Work\epvwr_4e2f2c6111c4\v024
epvwr_4e2f2c6111c4,v025,False,0,False,False,0,0,0,D:\ScaleBridge_EPlus_Work\epvwr_4e2f2c6111c4\v025
epvwr_4e2f2c6111c4,v026,False,0,False,False,0,0,0,D:\ScaleBridge_EPlus_Work\epvwr_4e2f2c6111c4\v026
epvwr_4e2f2c6111c4,v027,False,0,False,False,0,0,0,D:\ScaleBridge_EPlus_Work\epvwr_4e2f2c6111c4\v027
epvwr_4e2f2c6111c4,v028,False,0,False,False,0,0,0,D:\ScaleBridge_EPlus_Work\epvwr_4e2f2c6111c4\v028
epvwr_4e2f2c6111c4,v029,False,0,False,False,0,0,0,D:\ScaleBridge_EPlus_Work\epvwr_4e2f2c6111c4\v029
epvwr_4e2f2c6111c4,v030,False,0,False,False,0,0,0,D:\ScaleBridge_EPlus_Work\epvwr_4e2f2c6111c4\v030
epvwr_4e2f2c6111c4,v031,False,0,False,False,0,0,0,D:\ScaleBridge_EPlus_Work\epvwr_4e2f2c6111c4\v031
epvwr_4e2f2c6111c4,v032,False,0,False,False,0,0,0,D:\ScaleBridge_EPlus_Work\epvwr_4e2f2c6111c4\v032
epvwr_4e2f2c6111c4,v033,False,0,False,False,0,0,0,D:\ScaleBridge_EPlus_Work\epvwr_4e2f2c6111c4\v033
epvwr_4e2f2c6111c4,v034,False,0,False,False,0,0,0,D:\ScaleBridge_EPlus_Work\epvwr_4e2f2c6111c4\v034
epvwr_4e2f2c6111c4,v035,False,0,False,False,0,0,0,D:\ScaleBridge_EPlus_Work\epvwr_4e2f2c6111c4\v035
epvwr_79ba07ae690b,v001,False,0,False,False,0,0,0,D:\ScaleBridge_EPlus_Work\epvwr_79ba07ae690b\v001
epvwr_79ba07ae690b,v002,False,0,False,False,0,0,0,D:\ScaleBridge_EPlus_Work\epvwr_79ba07ae690b\v002
epvwr_79ba07ae690b,v003,False,0,False,False,0,0,0,D:\ScaleBridge_EPlus_Work\epvwr_79ba07ae690b\v003
epvwr_79ba07ae690b,v004,False,0,False,False,0,0,0,D:\ScaleBridge_EPlus_Work\epvwr_79ba07ae690b\v004
epvwr_79ba07ae690b,v005,False,0,False,False,0,0,0,D:\ScaleBridge_EPlus_Work\epvwr_79ba07ae690b\v005
epvwr_79ba07ae690b,v006,False,0,False,False,0,0,0,D:\ScaleBridge_EPlus_Work\epvwr_79ba07ae690b\v006
epvwr_79ba07ae690b,v007,False,0,False,False,0,0,0,D:\ScaleBridge_EPlus_Work\epvwr_79ba07ae690b\v007
epvwr_79ba07ae690b,v008,False,0,False,False,0,0,0,D:\ScaleBridge_EPlus_Work\epvwr_79ba07ae690b\v008
epvwr_79ba07ae690b,v009,False,0,False,False,0,0,0,D:\ScaleBridge_EPlus_Work\epvwr_79ba07ae690b\v009
epvwr_79ba07ae690b,v010,False,0,False,False,0,0,0,D:\ScaleBridge_EPlus_Work\epvwr_79ba07ae690b\v010
epvwr_79ba07ae690b,v011,False,0,False,False,0,0,0,D:\ScaleBridge_EPlus_Work\epvwr_79ba07ae690b\v011
epvwr_79ba07ae690b,v012,False,0,False,False,0,0,0,D:\ScaleBridge_EPlus_Work\epvwr_79ba07ae690b\v012
epvwr_79ba07ae690b,v013,False,0,False,False,0,0,0,D:\ScaleBridge_EPlus_Work\epvwr_79ba07ae690b\v013
epvwr_79ba07ae690b,v014,False,0,False,False,0,0,0,D:\ScaleBridge_EPlus_Work\epvwr_79ba07ae690b\v014
epvwr_79ba07ae690b,v015,False,0,False,False,0,0,0,D:\ScaleBridge_EPlus_Work\epvwr_79ba07ae690b\v015
epvwr_79ba07ae690b,v016,False,0,False,False,0,0,0,D:\ScaleBridge_EPlus_Work\epvwr_79ba07ae690b\v016
epvwr_79ba07ae690b,v017,False,0,False,False,0,0,0,D:\ScaleBridge_EPlus_Work\epvwr_79ba07ae690b\v017
epvwr_79ba07ae690b,v018,False,0,False,False,0,0,0,D:\ScaleBridge_EPlus_Work\epvwr_79ba07ae690b\v018
epvwr_79ba07ae690b,v019,False,0,False,False,0,0,0,D:\ScaleBridge_EPlus_Work\epvwr_79ba07ae690b\v019
epvwr_79ba07ae690b,v020,False,0,False,False,0,0,0,D:\ScaleBridge_EPlus_Work\epvwr_79ba07ae690b\v020
epvwr_79ba07ae690b,v021,False,0,False,False,0,0,0,D:\ScaleBridge_EPlus_Work\epvwr_79ba07ae690b\v021
epvwr_79ba07ae690b,v022,False,0,False,False,0,0,0,D:\ScaleBridge_EPlus_Work\epvwr_79ba07ae690b\v022
epvwr_79ba07ae690b,v023,False,0,False,False,0,0,0,D:\ScaleBridge_EPlus_Work\epvwr_79ba07ae690b\v023
epvwr_79ba07ae690b,v024,False,0,False,False,0,0,0,D:\ScaleBridge_EPlus_Work\epvwr_79ba07ae690b\v024
epvwr_79ba07ae690b,v025,False,0,False,False,0,0,0,D:\ScaleBridge_EPlus_Work\epvwr_79ba07ae690b\v025
epvwr_79ba07ae690b,v026,False,0,False,False,0,0,0,D:\ScaleBridge_EPlus_Work\epvwr_79ba07ae690b\v026
epvwr_79ba07ae690b,v027,False,0,False,False,0,0,0,D:\ScaleBridge_EPlus_Work\epvwr_79ba07ae690b\v027
epvwr_79ba07ae690b,v028,False,0,False,False,0,0,0,D:\ScaleBridge_EPlus_Work\epvwr_79ba07ae690b\v028
epvwr_79ba07ae690b,v029,False,0,False,False,0,0,0,D:\ScaleBridge_EPlus_Work\epvwr_79ba07ae690b\v029
epvwr_79ba07ae690b,v030,False,0,False,False,0,0,0,D:\ScaleBridge_EPlus_Work\epvwr_79ba07ae690b\v030
epvwr_79ba07ae690b,v031,False,0,False,False,0,0,0,D:\ScaleBridge_EPlus_Work\epvwr_79ba07ae690b\v031
epvwr_79ba07ae690b,v032,False,0,False,False,0,0,0,D:\ScaleBridge_EPlus_Work\epvwr_79ba07ae690b\v032
epvwr_79ba07ae690b,v033,False,0,False,False,0,0,0,D:\ScaleBridge_EPlus_Work\epvwr_79ba07ae690b\v033
epvwr_79ba07ae690b,v034,False,0,False,False,0,0,0,D:\ScaleBridge_EPlus_Work\epvwr_79ba07ae690b\v034
epvwr_79ba07ae690b,v035,False,0,False,False,0,0,0,D:\ScaleBridge_EPlus_Work\epvwr_79ba07ae690b\v035
epvwr_8825a975b3f7,v001,False,0,False,False,0,0,0,D:\ScaleBridge_EPlus_Work\epvwr_8825a975b3f7\v001
epvwr_8825a975b3f7,v002,False,0,False,False,0,0,0,D:\ScaleBridge_EPlus_Work\epvwr_8825a975b3f7\v002
epvwr_8825a975b3f7,v003,False,0,False,False,0,0,0,D:\ScaleBridge_EPlus_Work\epvwr_8825a975b3f7\v003
epvwr_8825a975b3f7,v004,False,0,False,False,0,0,0,D:\ScaleBridge_EPlus_Work\epvwr_8825a975b3f7\v004
epvwr_8825a975b3f7,v005,False,0,False,False,0,0,0,D:\ScaleBridge_EPlus_Work\epvwr_8825a975b3f7\v005
epvwr_8825a975b3f7,v006,False,0,False,False,0,0,0,D:\ScaleBridge_EPlus_Work\epvwr_8825a975b3f7\v006
epvwr_8825a975b3f7,v007,False,0,False,False,0,0,0,D:\ScaleBridge_EPlus_Work\epvwr_8825a975b3f7\v007
epvwr_8825a975b3f7,v008,False,0,False,False,0,0,0,D:\ScaleBridge_EPlus_Work\epvwr_8825a975b3f7\v008
epvwr_8825a975b3f7,v009,False,0,False,False,0,0,0,D:\ScaleBridge_EPlus_Work\epvwr_8825a975b3f7\v009
epvwr_8825a975b3f7,v010,False,0,False,False,0,0,0,D:\ScaleBridge_EPlus_Work\epvwr_8825a975b3f7\v010
epvwr_8825a975b3f7,v011,False,0,False,False,0,0,0,D:\ScaleBridge_EPlus_Work\epvwr_8825a975b3f7\v011
epvwr_8825a975b3f7,v012,False,0,False,False,0,0,0,D:\ScaleBridge_EPlus_Work\epvwr_8825a975b3f7\v012
epvwr_8825a975b3f7,v013,False,0,False,False,0,0,0,D:\ScaleBridge_EPlus_Work\epvwr_8825a975b3f7\v013
epvwr_8825a975b3f7,v014,False,0,False,False,0,0,0,D:\ScaleBridge_EPlus_Work\epvwr_8825a975b3f7\v014
epvwr_8825a975b3f7,v015,False,0,False,False,0,0,0,D:\ScaleBridge_EPlus_Work\epvwr_8825a975b3f7\v015
epvwr_8825a975b3f7,v016,False,0,False,False,0,0,0,D:\ScaleBridge_EPlus_Work\epvwr_8825a975b3f7\v016
epvwr_8825a975b3f7,v017,False,0,False,False,0,0,0,D:\ScaleBridge_EPlus_Work\epvwr_8825a975b3f7\v017
epvwr_8825a975b3f7,v018,False,0,False,False,0,0,0,D:\ScaleBridge_EPlus_Work\epvwr_8825a975b3f7\v018
epvwr_8825a975b3f7,v019,False,0,False,False,0,0,0,D:\ScaleBridge_EPlus_Work\epvwr_8825a975b3f7\v019
epvwr_8825a975b3f7,v020,False,0,False,False,0,0,0,D:\ScaleBridge_EPlus_Work\epvwr_8825a975b3f7\v020
epvwr_8825a975b3f7,v021,False,0,False,False,0,0,0,D:\ScaleBridge_EPlus_Work\epvwr_8825a975b3f7\v021
epvwr_8825a975b3f7,v022,False,0,False,False,0,0,0,D:\ScaleBridge_EPlus_Work\epvwr_8825a975b3f7\v022
epvwr_8825a975b3f7,v023,False,0,False,False,0,0,0,D:\ScaleBridge_EPlus_Work\epvwr_8825a975b3f7\v023
epvwr_8825a975b3f7,v024,False,0,False,False,0,0,0,D:\ScaleBridge_EPlus_Work\epvwr_8825a975b3f7\v024
epvwr_8825a975b3f7,v025,False,0,False,False,0,0,0,D:\ScaleBridge_EPlus_Work\epvwr_8825a975b3f7\v025
epvwr_8825a975b3f7,v026,False,0,False,False,0,0,0,D:\ScaleBridge_EPlus_Work\epvwr_8825a975b3f7\v026
epvwr_8825a975b3f7,v027,False,0,False,False,0,0,0,D:\ScaleBridge_EPlus_Work\epvwr_8825a975b3f7\v027
epvwr_8825a975b3f7,v028,False,0,False,False,0,0,0,D:\ScaleBridge_EPlus_Work\epvwr_8825a975b3f7\v028
epvwr_8825a975b3f7,v029,False,0,False,False,0,0,0,D:\ScaleBridge_EPlus_Work\epvwr_8825a975b3f7\v029
epvwr_8825a975b3f7,v030,False,0,False,False,0,0,0,D:\ScaleBridge_EPlus_Work\epvwr_8825a975b3f7\v030
epvwr_8825a975b3f7,v031,False,0,False,False,0,0,0,D:\ScaleBridge_EPlus_Work\epvwr_8825a975b3f7\v031
epvwr_8825a975b3f7,v032,False,0,False,False,0,0,0,D:\ScaleBridge_EPlus_Work\epvwr_8825a975b3f7\v032
epvwr_8825a975b3f7,v033,False,0,False,False,0,0,0,D:\ScaleBridge_EPlus_Work\epvwr_8825a975b3f7\v033
epvwr_8825a975b3f7,v034,False,0,False,False,0,0,0,D:\ScaleBridge_EPlus_Work\epvwr_8825a975b3f7\v034
epvwr_8825a975b3f7,v035,False,0,False,False,0,0,0,D:\ScaleBridge_EPlus_Work\epvwr_8825a975b3f7\v035
epvwr_b3a3f9adf0c2,v001,False,0,False,False,0,0,0,D:\ScaleBridge_EPlus_Work\epvwr_b3a3f9adf0c2\v001
epvwr_b3a3f9adf0c2,v002,False,0,False,False,0,0,0,D:\ScaleBridge_EPlus_Work\epvwr_b3a3f9adf0c2\v002
epvwr_b3a3f9adf0c2,v003,False,0,False,False,0,0,0,D:\ScaleBridge_EPlus_Work\epvwr_b3a3f9adf0c2\v003
epvwr_b3a3f9adf0c2,v004,False,0,False,False,0,0,0,D:\ScaleBridge_EPlus_Work\epvwr_b3a3f9adf0c2\v004
epvwr_b3a3f9adf0c2,v005,False,0,False,False,0,0,0,D:\ScaleBridge_EPlus_Work\epvwr_b3a3f9adf0c2\v005
epvwr_b3a3f9adf0c2,v006,False,0,False,False,0,0,0,D:\ScaleBridge_EPlus_Work\epvwr_b3a3f9adf0c2\v006
epvwr_b3a3f9adf0c2,v007,False,0,False,False,0,0,0,D:\ScaleBridge_EPlus_Work\epvwr_b3a3f9adf0c2\v007
epvwr_b3a3f9adf0c2,v008,False,0,False,False,0,0,0,D:\ScaleBridge_EPlus_Work\epvwr_b3a3f9adf0c2\v008
epvwr_b3a3f9adf0c2,v009,False,0,False,False,0,0,0,D:\ScaleBridge_EPlus_Work\epvwr_b3a3f9adf0c2\v009
epvwr_b3a3f9adf0c2,v010,False,0,False,False,0,0,0,D:\ScaleBridge_EPlus_Work\epvwr_b3a3f9adf0c2\v010
epvwr_b3a3f9adf0c2,v011,False,0,False,False,0,0,0,D:\ScaleBridge_EPlus_Work\epvwr_b3a3f9adf0c2\v011
epvwr_b3a3f9adf0c2,v012,False,0,False,False,0,0,0,D:\ScaleBridge_EPlus_Work\epvwr_b3a3f9adf0c2\v012
epvwr_b3a3f9adf0c2,v013,False,0,False,False,0,0,0,D:\ScaleBridge_EPlus_Work\epvwr_b3a3f9adf0c2\v013
epvwr_b3a3f9adf0c2,v014,False,0,False,False,0,0,0,D:\ScaleBridge_EPlus_Work\epvwr_b3a3f9adf0c2\v014
epvwr_b3a3f9adf0c2,v015,False,0,False,False,0,0,0,D:\ScaleBridge_EPlus_Work\epvwr_b3a3f9adf0c2\v015
epvwr_b3a3f9adf0c2,v016,False,0,False,False,0,0,0,D:\ScaleBridge_EPlus_Work\epvwr_b3a3f9adf0c2\v016
epvwr_b3a3f9adf0c2,v017,False,0,False,False,0,0,0,D:\ScaleBridge_EPlus_Work\epvwr_b3a3f9adf0c2\v017
epvwr_b3a3f9adf0c2,v018,False,0,False,False,0,0,0,D:\ScaleBridge_EPlus_Work\epvwr_b3a3f9adf0c2\v018
epvwr_b3a3f9adf0c2,v019,False,0,False,False,0,0,0,D:\ScaleBridge_EPlus_Work\epvwr_b3a3f9adf0c2\v019
epvwr_b3a3f9adf0c2,v020,False,0,False,False,0,0,0,D:\ScaleBridge_EPlus_Work\epvwr_b3a3f9adf0c2\v020
epvwr_b3a3f9adf0c2,v021,False,0,False,False,0,0,0,D:\ScaleBridge_EPlus_Work\epvwr_b3a3f9adf0c2\v021
epvwr_b3a3f9adf0c2,v022,False,0,False,False,0,0,0,D:\ScaleBridge_EPlus_Work\epvwr_b3a3f9adf0c2\v022
epvwr_b3a3f9adf0c2,v023,False,0,False,False,0,0,0,D:\ScaleBridge_EPlus_Work\epvwr_b3a3f9adf0c2\v023
epvwr_b3a3f9adf0c2,v024,False,0,False,False,0,0,0,D:\ScaleBridge_EPlus_Work\epvwr_b3a3f9adf0c2\v024
epvwr_b3a3f9adf0c2,v025,False,0,False,False,0,0,0,D:\ScaleBridge_EPlus_Work\epvwr_b3a3f9adf0c2\v025
epvwr_b3a3f9adf0c2,v026,False,0,False,False,0,0,0,D:\ScaleBridge_EPlus_Work\epvwr_b3a3f9adf0c2\v026
epvwr_b3a3f9adf0c2,v027,False,0,False,False,0,0,0,D:\ScaleBridge_EPlus_Work\epvwr_b3a3f9adf0c2\v027
epvwr_b3a3f9adf0c2,v028,False,0,False,False,0,0,0,D:\ScaleBridge_EPlus_Work\epvwr_b3a3f9adf0c2\v028
epvwr_b3a3f9adf0c2,v029,False,0,False,False,0,0,0,D:\ScaleBridge_EPlus_Work\epvwr_b3a3f9adf0c2\v029
epvwr_b3a3f9adf0c2,v030,False,0,False,False,0,0,0,D:\ScaleBridge_EPlus_Work\epvwr_b3a3f9adf0c2\v030
epvwr_b3a3f9adf0c2,v031,False,0,False,False,0,0,0,D:\ScaleBridge_EPlus_Work\epvwr_b3a3f9adf0c2\v031
epvwr_b3a3f9adf0c2,v032,False,0,False,False,0,0,0,D:\ScaleBridge_EPlus_Work\epvwr_b3a3f9adf0c2\v032
epvwr_b3a3f9adf0c2,v033,False,0,False,False,0,0,0,D:\ScaleBridge_EPlus_Work\epvwr_b3a3f9adf0c2\v033
epvwr_b3a3f9adf0c2,v034,False,0,False,False,0,0,0,D:\ScaleBridge_EPlus_Work\epvwr_b3a3f9adf0c2\v034
epvwr_b3a3f9adf0c2,v035,False,0,False,False,0,0,0,D:\ScaleBridge_EPlus_Work\epvwr_b3a3f9adf0c2\v035
epvwr_bd23147a0314,v003,False,0,True,True,0,0,38,D:\ScaleBridge_EPlus_Work\epvwr_bd23147a0314\v003
epvwr_bd23147a0314,v006,False,0,False,False,0,0,0,D:\ScaleBridge_EPlus_Work\epvwr_bd23147a0314\v006
epvwr_bd23147a0314,v007,False,0,False,False,0,0,0,D:\ScaleBridge_EPlus_Work\epvwr_bd23147a0314\v007
epvwr_bd23147a0314,v008,False,0,False,False,0,0,0,D:\ScaleBridge_EPlus_Work\epvwr_bd23147a0314\v008
epvwr_bd23147a0314,v009,False,0,False,False,0,0,0,D:\ScaleBridge_EPlus_Work\epvwr_bd23147a0314\v009
epvwr_bd23147a0314,v010,False,0,False,False,0,0,0,D:\ScaleBridge_EPlus_Work\epvwr_bd23147a0314\v010
epvwr_bd23147a0314,v011,False,0,False,False,0,0,0,D:\ScaleBridge_EPlus_Work\epvwr_bd23147a0314\v011
epvwr_bd23147a0314,v012,False,0,False,False,0,0,0,D:\ScaleBridge_EPlus_Work\epvwr_bd23147a0314\v012
epvwr_bd23147a0314,v013,False,0,False,False,0,0,0,D:\ScaleBridge_EPlus_Work\epvwr_bd23147a0314\v013
epvwr_bd23147a0314,v014,False,0,False,False,0,0,0,D:\ScaleBridge_EPlus_Work\epvwr_bd23147a0314\v014
epvwr_bd23147a0314,v015,False,0,False,False,0,0,0,D:\ScaleBridge_EPlus_Work\epvwr_bd23147a0314\v015
epvwr_bd23147a0314,v016,False,0,False,False,0,0,0,D:\ScaleBridge_EPlus_Work\epvwr_bd23147a0314\v016
epvwr_bd23147a0314,v017,False,0,False,False,0,0,0,D:\ScaleBridge_EPlus_Work\epvwr_bd23147a0314\v017
epvwr_bd23147a0314,v018,False,0,False,False,0,0,0,D:\ScaleBridge_EPlus_Work\epvwr_bd23147a0314\v018
epvwr_bd23147a0314,v019,False,0,False,False,0,0,0,D:\ScaleBridge_EPlus_Work\epvwr_bd23147a0314\v019
epvwr_bd23147a0314,v020,False,0,False,False,0,0,0,D:\ScaleBridge_EPlus_Work\epvwr_bd23147a0314\v020
epvwr_bd23147a0314,v021,False,0,False,False,0,0,0,D:\ScaleBridge_EPlus_Work\epvwr_bd23147a0314\v021
epvwr_bd23147a0314,v022,False,0,False,False,0,0,0,D:\ScaleBridge_EPlus_Work\epvwr_bd23147a0314\v022
epvwr_bd23147a0314,v023,False,0,False,False,0,0,0,D:\ScaleBridge_EPlus_Work\epvwr_bd23147a0314\v023
epvwr_bd23147a0314,v024,False,0,False,False,0,0,0,D:\ScaleBridge_EPlus_Work\epvwr_bd23147a0314\v024
epvwr_bd23147a0314,v025,False,0,False,False,0,0,0,D:\ScaleBridge_EPlus_Work\epvwr_bd23147a0314\v025
epvwr_bd23147a0314,v026,False,0,False,False,0,0,0,D:\ScaleBridge_EPlus_Work\epvwr_bd23147a0314\v026
epvwr_bd23147a0314,v027,False,0,False,False,0,0,0,D:\ScaleBridge_EPlus_Work\epvwr_bd23147a0314\v027
epvwr_bd23147a0314,v028,False,0,False,False,0,0,0,D:\ScaleBridge_EPlus_Work\epvwr_bd23147a0314\v028
epvwr_bd23147a0314,v029,False,0,False,False,0,0,0,D:\ScaleBridge_EPlus_Work\epvwr_bd23147a0314\v029
epvwr_bd23147a0314,v030,False,0,False,False,0,0,0,D:\ScaleBridge_EPlus_Work\epvwr_bd23147a0314\v030
epvwr_bd23147a0314,v031,False,0,False,False,0,0,0,D:\ScaleBridge_EPlus_Work\epvwr_bd23147a0314\v031
epvwr_bd23147a0314,v032,False,0,False,False,0,0,0,D:\ScaleBridge_EPlus_Work\epvwr_bd23147a0314\v032
epvwr_bd23147a0314,v033,False,0,False,False,0,0,0,D:\ScaleBridge_EPlus_Work\epvwr_bd23147a0314\v033
epvwr_bd23147a0314,v034,False,0,False,False,0,0,0,D:\ScaleBridge_EPlus_Work\epvwr_bd23147a0314\v034
epvwr_bd23147a0314,v035,False,0,False,False,0,0,0,D:\ScaleBridge_EPlus_Work\epvwr_bd23147a0314\v035
epvwr_db0f670d7de0,v001,False,0,False,False,0,0,0,D:\ScaleBridge_EPlus_Work\epvwr_db0f670d7de0\v001
epvwr_db0f670d7de0,v002,False,0,False,False,0,0,0,D:\ScaleBridge_EPlus_Work\epvwr_db0f670d7de0\v002
epvwr_db0f670d7de0,v003,False,0,False,False,0,0,0,D:\ScaleBridge_EPlus_Work\epvwr_db0f670d7de0\v003
epvwr_db0f670d7de0,v004,False,0,False,False,0,0,0,D:\ScaleBridge_EPlus_Work\epvwr_db0f670d7de0\v004
epvwr_db0f670d7de0,v005,False,0,False,False,0,0,0,D:\ScaleBridge_EPlus_Work\epvwr_db0f670d7de0\v005
epvwr_db0f670d7de0,v006,False,0,False,False,0,0,0,D:\ScaleBridge_EPlus_Work\epvwr_db0f670d7de0\v006
epvwr_db0f670d7de0,v007,False,0,False,False,0,0,0,D:\ScaleBridge_EPlus_Work\epvwr_db0f670d7de0\v007
epvwr_db0f670d7de0,v008,False,0,False,False,0,0,0,D:\ScaleBridge_EPlus_Work\epvwr_db0f670d7de0\v008
epvwr_db0f670d7de0,v009,False,0,False,False,0,0,0,D:\ScaleBridge_EPlus_Work\epvwr_db0f670d7de0\v009
epvwr_db0f670d7de0,v010,False,0,False,False,0,0,0,D:\ScaleBridge_EPlus_Work\epvwr_db0f670d7de0\v010
epvwr_db0f670d7de0,v011,False,0,False,False,0,0,0,D:\ScaleBridge_EPlus_Work\epvwr_db0f670d7de0\v011
epvwr_db0f670d7de0,v012,False,0,False,False,0,0,0,D:\ScaleBridge_EPlus_Work\epvwr_db0f670d7de0\v012
epvwr_db0f670d7de0,v013,False,0,False,False,0,0,0,D:\ScaleBridge_EPlus_Work\epvwr_db0f670d7de0\v013
epvwr_db0f670d7de0,v014,False,0,False,False,0,0,0,D:\ScaleBridge_EPlus_Work\epvwr_db0f670d7de0\v014
epvwr_db0f670d7de0,v015,False,0,False,False,0,0,0,D:\ScaleBridge_EPlus_Work\epvwr_db0f670d7de0\v015
epvwr_db0f670d7de0,v016,False,0,False,False,0,0,0,D:\ScaleBridge_EPlus_Work\epvwr_db0f670d7de0\v016
epvwr_db0f670d7de0,v017,False,0,False,False,0,0,0,D:\ScaleBridge_EPlus_Work\epvwr_db0f670d7de0\v017
epvwr_db0f670d7de0,v018,False,0,False,False,0,0,0,D:\ScaleBridge_EPlus_Work\epvwr_db0f670d7de0\v018
epvwr_db0f670d7de0,v019,False,0,False,False,0,0,0,D:\ScaleBridge_EPlus_Work\epvwr_db0f670d7de0\v019
epvwr_db0f670d7de0,v020,False,0,False,False,0,0,0,D:\ScaleBridge_EPlus_Work\epvwr_db0f670d7de0\v020
epvwr_db0f670d7de0,v021,False,0,False,False,0,0,0,D:\ScaleBridge_EPlus_Work\epvwr_db0f670d7de0\v021
epvwr_db0f670d7de0,v022,False,0,False,False,0,0,0,D:\ScaleBridge_EPlus_Work\epvwr_db0f670d7de0\v022
epvwr_db0f670d7de0,v023,False,0,False,False,0,0,0,D:\ScaleBridge_EPlus_Work\epvwr_db0f670d7de0\v023
epvwr_db0f670d7de0,v024,False,0,False,False,0,0,0,D:\ScaleBridge_EPlus_Work\epvwr_db0f670d7de0\v024
epvwr_db0f670d7de0,v025,False,0,False,False,0,0,0,D:\ScaleBridge_EPlus_Work\epvwr_db0f670d7de0\v025
epvwr_db0f670d7de0,v026,False,0,False,False,0,0,0,D:\ScaleBridge_EPlus_Work\epvwr_db0f670d7de0\v026
epvwr_db0f670d7de0,v027,False,0,False,False,0,0,0,D:\ScaleBridge_EPlus_Work\epvwr_db0f670d7de0\v027
epvwr_db0f670d7de0,v028,False,0,False,False,0,0,0,D:\ScaleBridge_EPlus_Work\epvwr_db0f670d7de0\v028
epvwr_db0f670d7de0,v029,False,0,False,False,0,0,0,D:\ScaleBridge_EPlus_Work\epvwr_db0f670d7de0\v029
epvwr_db0f670d7de0,v030,False,0,False,False,0,0,0,D:\ScaleBridge_EPlus_Work\epvwr_db0f670d7de0\v030
epvwr_db0f670d7de0,v031,False,0,False,False,0,0,0,D:\ScaleBridge_EPlus_Work\epvwr_db0f670d7de0\v031
epvwr_db0f670d7de0,v032,False,0,False,False,0,0,0,D:\ScaleBridge_EPlus_Work\epvwr_db0f670d7de0\v032
epvwr_db0f670d7de0,v033,False,0,False,False,0,0,0,D:\ScaleBridge_EPlus_Work\epvwr_db0f670d7de0\v033
epvwr_db0f670d7de0,v034,False,0,False,False,0,0,0,D:\ScaleBridge_EPlus_Work\epvwr_db0f670d7de0\v034
epvwr_db0f670d7de0,v035,False,0,False,False,0,0,0,D:\ScaleBridge_EPlus_Work\epvwr_db0f670d7de0\v035
epvwr_ebf65268d46b,v001,False,0,False,False,0,0,0,D:\ScaleBridge_EPlus_Work\epvwr_ebf65268d46b\v001
epvwr_ebf65268d46b,v002,False,0,False,False,0,0,0,D:\ScaleBridge_EPlus_Work\epvwr_ebf65268d46b\v002
epvwr_ebf65268d46b,v003,False,0,False,False,0,0,0,D:\ScaleBridge_EPlus_Work\epvwr_ebf65268d46b\v003
epvwr_ebf65268d46b,v004,False,0,False,False,0,0,0,D:\ScaleBridge_EPlus_Work\epvwr_ebf65268d46b\v004
epvwr_ebf65268d46b,v005,False,0,False,False,0,0,0,D:\ScaleBridge_EPlus_Work\epvwr_ebf65268d46b\v005
epvwr_ebf65268d46b,v006,False,0,False,False,0,0,0,D:\ScaleBridge_EPlus_Work\epvwr_ebf65268d46b\v006
epvwr_ebf65268d46b,v007,False,0,False,False,0,0,0,D:\ScaleBridge_EPlus_Work\epvwr_ebf65268d46b\v007
epvwr_ebf65268d46b,v008,False,0,False,False,0,0,0,D:\ScaleBridge_EPlus_Work\epvwr_ebf65268d46b\v008
epvwr_ebf65268d46b,v009,False,0,False,False,0,0,0,D:\ScaleBridge_EPlus_Work\epvwr_ebf65268d46b\v009
epvwr_ebf65268d46b,v010,False,0,False,False,0,0,0,D:\ScaleBridge_EPlus_Work\epvwr_ebf65268d46b\v010
epvwr_ebf65268d46b,v011,False,0,False,False,0,0,0,D:\ScaleBridge_EPlus_Work\epvwr_ebf65268d46b\v011
epvwr_ebf65268d46b,v012,False,0,False,False,0,0,0,D:\ScaleBridge_EPlus_Work\epvwr_ebf65268d46b\v012
epvwr_ebf65268d46b,v013,False,0,False,False,0,0,0,D:\ScaleBridge_EPlus_Work\epvwr_ebf65268d46b\v013
epvwr_ebf65268d46b,v014,False,0,False,False,0,0,0,D:\ScaleBridge_EPlus_Work\epvwr_ebf65268d46b\v014
epvwr_ebf65268d46b,v015,False,0,False,False,0,0,0,D:\ScaleBridge_EPlus_Work\epvwr_ebf65268d46b\v015
epvwr_ebf65268d46b,v016,False,0,False,False,0,0,0,D:\ScaleBridge_EPlus_Work\epvwr_ebf65268d46b\v016
epvwr_ebf65268d46b,v017,False,0,False,False,0,0,0,D:\ScaleBridge_EPlus_Work\epvwr_ebf65268d46b\v017
epvwr_ebf65268d46b,v018,False,0,False,False,0,0,0,D:\ScaleBridge_EPlus_Work\epvwr_ebf65268d46b\v018
epvwr_ebf65268d46b,v019,False,0,False,False,0,0,0,D:\ScaleBridge_EPlus_Work\epvwr_ebf65268d46b\v019
epvwr_ebf65268d46b,v020,False,0,False,False,0,0,0,D:\ScaleBridge_EPlus_Work\epvwr_ebf65268d46b\v020
epvwr_ebf65268d46b,v021,False,0,False,False,0,0,0,D:\ScaleBridge_EPlus_Work\epvwr_ebf65268d46b\v021
epvwr_ebf65268d46b,v022,False,0,False,False,0,0,0,D:\ScaleBridge_EPlus_Work\epvwr_ebf65268d46b\v022
epvwr_ebf65268d46b,v023,False,0,False,False,0,0,0,D:\ScaleBridge_EPlus_Work\epvwr_ebf65268d46b\v023
epvwr_ebf65268d46b,v024,False,0,False,False,0,0,0,D:\ScaleBridge_EPlus_Work\epvwr_ebf65268d46b\v024
epvwr_ebf65268d46b,v025,False,0,False,False,0,0,0,D:\ScaleBridge_EPlus_Work\epvwr_ebf65268d46b\v025
epvwr_ebf65268d46b,v026,False,0,False,False,0,0,0,D:\ScaleBridge_EPlus_Work\epvwr_ebf65268d46b\v026
epvwr_ebf65268d46b,v027,False,0,False,False,0,0,0,D:\ScaleBridge_EPlus_Work\epvwr_ebf65268d46b\v027
epvwr_ebf65268d46b,v028,False,0,False,False,0,0,0,D:\ScaleBridge_EPlus_Work\epvwr_ebf65268d46b\v028
epvwr_ebf65268d46b,v029,False,0,False,False,0,0,0,D:\ScaleBridge_EPlus_Work\epvwr_ebf65268d46b\v029
epvwr_ebf65268d46b,v030,False,0,False,False,0,0,0,D:\ScaleBridge_EPlus_Work\epvwr_ebf65268d46b\v030
epvwr_ebf65268d46b,v031,False,0,False,False,0,0,0,D:\ScaleBridge_EPlus_Work\epvwr_ebf65268d46b\v031
epvwr_ebf65268d46b,v032,False,0,False,False,0,0,0,D:\ScaleBridge_EPlus_Work\epvwr_ebf65268d46b\v032
epvwr_ebf65268d46b,v033,False,0,False,False,0,0,0,D:\ScaleBridge_EPlus_Work\epvwr_ebf65268d46b\v033
epvwr_ebf65268d46b,v034,False,0,False,False,0,0,0,D:\ScaleBridge_EPlus_Work\epvwr_ebf65268d46b\v034
epvwr_ebf65268d46b,v035,False,0,False,False,0,0,0,D:\ScaleBridge_EPlus_Work\epvwr_ebf65268d46b\v035
epvwr_f1fccbc1d5e5,v001,False,0,False,False,0,0,0,D:\ScaleBridge_EPlus_Work\epvwr_f1fccbc1d5e5\v001
epvwr_f1fccbc1d5e5,v002,False,0,False,False,0,0,0,D:\ScaleBridge_EPlus_Work\epvwr_f1fccbc1d5e5\v002
epvwr_f1fccbc1d5e5,v003,False,0,False,False,0,0,0,D:\ScaleBridge_EPlus_Work\epvwr_f1fccbc1d5e5\v003
epvwr_f1fccbc1d5e5,v004,False,0,False,False,0,0,0,D:\ScaleBridge_EPlus_Work\epvwr_f1fccbc1d5e5\v004
epvwr_f1fccbc1d5e5,v005,False,0,False,False,0,0,0,D:\ScaleBridge_EPlus_Work\epvwr_f1fccbc1d5e5\v005
epvwr_f1fccbc1d5e5,v006,False,0,False,False,0,0,0,D:\ScaleBridge_EPlus_Work\epvwr_f1fccbc1d5e5\v006
epvwr_f1fccbc1d5e5,v007,False,0,False,False,0,0,0,D:\ScaleBridge_EPlus_Work\epvwr_f1fccbc1d5e5\v007
epvwr_f1fccbc1d5e5,v008,False,0,False,False,0,0,0,D:\ScaleBridge_EPlus_Work\epvwr_f1fccbc1d5e5\v008
epvwr_f1fccbc1d5e5,v009,False,0,False,False,0,0,0,D:\ScaleBridge_EPlus_Work\epvwr_f1fccbc1d5e5\v009
epvwr_f1fccbc1d5e5,v010,False,0,False,False,0,0,0,D:\ScaleBridge_EPlus_Work\epvwr_f1fccbc1d5e5\v010
epvwr_f1fccbc1d5e5,v011,False,0,False,False,0,0,0,D:\ScaleBridge_EPlus_Work\epvwr_f1fccbc1d5e5\v011
epvwr_f1fccbc1d5e5,v012,False,0,False,False,0,0,0,D:\ScaleBridge_EPlus_Work\epvwr_f1fccbc1d5e5\v012
epvwr_f1fccbc1d5e5,v013,False,0,False,False,0,0,0,D:\ScaleBridge_EPlus_Work\epvwr_f1fccbc1d5e5\v013
epvwr_f1fccbc1d5e5,v014,False,0,False,False,0,0,0,D:\ScaleBridge_EPlus_Work\epvwr_f1fccbc1d5e5\v014
epvwr_f1fccbc1d5e5,v015,False,0,False,False,0,0,0,D:\ScaleBridge_EPlus_Work\epvwr_f1fccbc1d5e5\v015
epvwr_f1fccbc1d5e5,v016,False,0,False,False,0,0,0,D:\ScaleBridge_EPlus_Work\epvwr_f1fccbc1d5e5\v016
epvwr_f1fccbc1d5e5,v017,False,0,False,False,0,0,0,D:\ScaleBridge_EPlus_Work\epvwr_f1fccbc1d5e5\v017
epvwr_f1fccbc1d5e5,v018,False,0,False,False,0,0,0,D:\ScaleBridge_EPlus_Work\epvwr_f1fccbc1d5e5\v018
epvwr_f1fccbc1d5e5,v019,False,0,False,False,0,0,0,D:\ScaleBridge_EPlus_Work\epvwr_f1fccbc1d5e5\v019
epvwr_f1fccbc1d5e5,v020,False,0,False,False,0,0,0,D:\ScaleBridge_EPlus_Work\epvwr_f1fccbc1d5e5\v020
epvwr_f1fccbc1d5e5,v021,False,0,False,False,0,0,0,D:\ScaleBridge_EPlus_Work\epvwr_f1fccbc1d5e5\v021
epvwr_f1fccbc1d5e5,v022,False,0,False,False,0,0,0,D:\ScaleBridge_EPlus_Work\epvwr_f1fccbc1d5e5\v022
epvwr_f1fccbc1d5e5,v023,False,0,False,False,0,0,0,D:\ScaleBridge_EPlus_Work\epvwr_f1fccbc1d5e5\v023
epvwr_f1fccbc1d5e5,v024,False,0,False,False,0,0,0,D:\ScaleBridge_EPlus_Work\epvwr_f1fccbc1d5e5\v024
epvwr_f1fccbc1d5e5,v025,False,0,False,False,0,0,0,D:\ScaleBridge_EPlus_Work\epvwr_f1fccbc1d5e5\v025
epvwr_f1fccbc1d5e5,v026,False,0,False,False,0,0,0,D:\ScaleBridge_EPlus_Work\epvwr_f1fccbc1d5e5\v026
epvwr_f1fccbc1d5e5,v027,False,0,False,False,0,0,0,D:\ScaleBridge_EPlus_Work\epvwr_f1fccbc1d5e5\v027
epvwr_f1fccbc1d5e5,v028,False,0,False,False,0,0,0,D:\ScaleBridge_EPlus_Work\epvwr_f1fccbc1d5e5\v028
epvwr_f1fccbc1d5e5,v029,False,0,False,False,0,0,0,D:\ScaleBridge_EPlus_Work\epvwr_f1fccbc1d5e5\v029
epvwr_f1fccbc1d5e5,v030,False,0,False,False,0,0,0,D:\ScaleBridge_EPlus_Work\epvwr_f1fccbc1d5e5\v030
epvwr_f1fccbc1d5e5,v031,False,0,False,False,0,0,0,D:\ScaleBridge_EPlus_Work\epvwr_f1fccbc1d5e5\v031
epvwr_f1fccbc1d5e5,v032,False,0,False,False,0,0,0,D:\ScaleBridge_EPlus_Work\epvwr_f1fccbc1d5e5\v032
epvwr_f1fccbc1d5e5,v033,False,0,False,False,0,0,0,D:\ScaleBridge_EPlus_Work\epvwr_f1fccbc1d5e5\v033
epvwr_f1fccbc1d5e5,v034,False,0,False,False,0,0,0,D:\ScaleBridge_EPlus_Work\epvwr_f1fccbc1d5e5\v034
epvwr_f1fccbc1d5e5,v035,False,0,False,False,0,0,0,D:\ScaleBridge_EPlus_Work\epvwr_f1fccbc1d5e5\v035
epvwr_fb3c8648c0ff,v001,False,0,False,False,0,0,0,D:\ScaleBridge_EPlus_Work\epvwr_fb3c8648c0ff\v001
epvwr_fb3c8648c0ff,v002,False,0,False,False,0,0,0,D:\ScaleBridge_EPlus_Work\epvwr_fb3c8648c0ff\v002
epvwr_fb3c8648c0ff,v003,False,0,False,False,0,0,0,D:\ScaleBridge_EPlus_Work\epvwr_fb3c8648c0ff\v003
epvwr_fb3c8648c0ff,v004,False,0,False,False,0,0,0,D:\ScaleBridge_EPlus_Work\epvwr_fb3c8648c0ff\v004
epvwr_fb3c8648c0ff,v005,False,0,False,False,0,0,0,D:\ScaleBridge_EPlus_Work\epvwr_fb3c8648c0ff\v005
epvwr_fb3c8648c0ff,v006,False,0,False,False,0,0,0,D:\ScaleBridge_EPlus_Work\epvwr_fb3c8648c0ff\v006
epvwr_fb3c8648c0ff,v007,False,0,False,False,0,0,0,D:\ScaleBridge_EPlus_Work\epvwr_fb3c8648c0ff\v007
epvwr_fb3c8648c0ff,v008,False,0,False,False,0,0,0,D:\ScaleBridge_EPlus_Work\epvwr_fb3c8648c0ff\v008
epvwr_fb3c8648c0ff,v009,False,0,False,False,0,0,0,D:\ScaleBridge_EPlus_Work\epvwr_fb3c8648c0ff\v009
epvwr_fb3c8648c0ff,v010,False,0,False,False,0,0,0,D:\ScaleBridge_EPlus_Work\epvwr_fb3c8648c0ff\v010
epvwr_fb3c8648c0ff,v011,False,0,False,False,0,0,0,D:\ScaleBridge_EPlus_Work\epvwr_fb3c8648c0ff\v011
epvwr_fb3c8648c0ff,v012,False,0,False,False,0,0,0,D:\ScaleBridge_EPlus_Work\epvwr_fb3c8648c0ff\v012
epvwr_fb3c8648c0ff,v013,False,0,False,False,0,0,0,D:\ScaleBridge_EPlus_Work\epvwr_fb3c8648c0ff\v013
epvwr_fb3c8648c0ff,v014,False,0,False,False,0,0,0,D:\ScaleBridge_EPlus_Work\epvwr_fb3c8648c0ff\v014
epvwr_fb3c8648c0ff,v015,False,0,False,False,0,0,0,D:\ScaleBridge_EPlus_Work\epvwr_fb3c8648c0ff\v015
epvwr_fb3c8648c0ff,v016,False,0,False,False,0,0,0,D:\ScaleBridge_EPlus_Work\epvwr_fb3c8648c0ff\v016
epvwr_fb3c8648c0ff,v017,False,0,False,False,0,0,0,D:\ScaleBridge_EPlus_Work\epvwr_fb3c8648c0ff\v017
epvwr_fb3c8648c0ff,v018,False,0,False,False,0,0,0,D:\ScaleBridge_EPlus_Work\epvwr_fb3c8648c0ff\v018
epvwr_fb3c8648c0ff,v019,False,0,False,False,0,0,0,D:\ScaleBridge_EPlus_Work\epvwr_fb3c8648c0ff\v019
epvwr_fb3c8648c0ff,v020,False,0,False,False,0,0,0,D:\ScaleBridge_EPlus_Work\epvwr_fb3c8648c0ff\v020
epvwr_fb3c8648c0ff,v021,False,0,False,False,0,0,0,D:\ScaleBridge_EPlus_Work\epvwr_fb3c8648c0ff\v021
epvwr_fb3c8648c0ff,v022,False,0,False,False,0,0,0,D:\ScaleBridge_EPlus_Work\epvwr_fb3c8648c0ff\v022
epvwr_fb3c8648c0ff,v023,False,0,False,False,0,0,0,D:\ScaleBridge_EPlus_Work\epvwr_fb3c8648c0ff\v023
epvwr_fb3c8648c0ff,v024,False,0,False,False,0,0,0,D:\ScaleBridge_EPlus_Work\epvwr_fb3c8648c0ff\v024
epvwr_fb3c8648c0ff,v025,False,0,False,False,0,0,0,D:\ScaleBridge_EPlus_Work\epvwr_fb3c8648c0ff\v025
epvwr_fb3c8648c0ff,v026,False,0,False,False,0,0,0,D:\ScaleBridge_EPlus_Work\epvwr_fb3c8648c0ff\v026
epvwr_fb3c8648c0ff,v027,False,0,False,False,0,0,0,D:\ScaleBridge_EPlus_Work\epvwr_fb3c8648c0ff\v027
epvwr_fb3c8648c0ff,v028,False,0,False,False,0,0,0,D:\ScaleBridge_EPlus_Work\epvwr_fb3c8648c0ff\v028
epvwr_fb3c8648c0ff,v029,False,0,False,False,0,0,0,D:\ScaleBridge_EPlus_Work\epvwr_fb3c8648c0ff\v029
epvwr_fb3c8648c0ff,v030,False,0,False,False,0,0,0,D:\ScaleBridge_EPlus_Work\epvwr_fb3c8648c0ff\v030
epvwr_fb3c8648c0ff,v031,False,0,False,False,0,0,0,D:\ScaleBridge_EPlus_Work\epvwr_fb3c8648c0ff\v031
epvwr_fb3c8648c0ff,v032,False,0,False,False,0,0,0,D:\ScaleBridge_EPlus_Work\epvwr_fb3c8648c0ff\v032
epvwr_fb3c8648c0ff,v033,False,0,False,False,0,0,0,D:\ScaleBridge_EPlus_Work\epvwr_fb3c8648c0ff\v033
epvwr_fb3c8648c0ff,v034,False,0,False,False,0,0,0,D:\ScaleBridge_EPlus_Work\epvwr_fb3c8648c0ff\v034
epvwr_fb3c8648c0ff,v035,False,0,False,False,0,0,0,D:\ScaleBridge_EPlus_Work\epvwr_fb3c8648c0ff\v035
epvwr_ff2755aefca9,v001,False,0,False,False,0,0,0,D:\ScaleBridge_EPlus_Work\epvwr_ff2755aefca9\v001
epvwr_ff2755aefca9,v002,False,0,False,False,0,0,0,D:\ScaleBridge_EPlus_Work\epvwr_ff2755aefca9\v002
epvwr_ff2755aefca9,v003,False,0,False,False,0,0,0,D:\ScaleBridge_EPlus_Work\epvwr_ff2755aefca9\v003
epvwr_ff2755aefca9,v004,False,0,False,False,0,0,0,D:\ScaleBridge_EPlus_Work\epvwr_ff2755aefca9\v004
epvwr_ff2755aefca9,v005,False,0,False,False,0,0,0,D:\ScaleBridge_EPlus_Work\epvwr_ff2755aefca9\v005
epvwr_ff2755aefca9,v006,False,0,False,False,0,0,0,D:\ScaleBridge_EPlus_Work\epvwr_ff2755aefca9\v006
epvwr_ff2755aefca9,v007,False,0,False,False,0,0,0,D:\ScaleBridge_EPlus_Work\epvwr_ff2755aefca9\v007
epvwr_ff2755aefca9,v008,False,0,False,False,0,0,0,D:\ScaleBridge_EPlus_Work\epvwr_ff2755aefca9\v008
epvwr_ff2755aefca9,v009,False,0,False,False,0,0,0,D:\ScaleBridge_EPlus_Work\epvwr_ff2755aefca9\v009
epvwr_ff2755aefca9,v010,False,0,False,False,0,0,0,D:\ScaleBridge_EPlus_Work\epvwr_ff2755aefca9\v010
epvwr_ff2755aefca9,v011,False,0,False,False,0,0,0,D:\ScaleBridge_EPlus_Work\epvwr_ff2755aefca9\v011
epvwr_ff2755aefca9,v012,False,0,False,False,0,0,0,D:\ScaleBridge_EPlus_Work\epvwr_ff2755aefca9\v012
epvwr_ff2755aefca9,v013,False,0,False,False,0,0,0,D:\ScaleBridge_EPlus_Work\epvwr_ff2755aefca9\v013
epvwr_ff2755aefca9,v014,False,0,False,False,0,0,0,D:\ScaleBridge_EPlus_Work\epvwr_ff2755aefca9\v014
epvwr_ff2755aefca9,v015,False,0,False,False,0,0,0,D:\ScaleBridge_EPlus_Work\epvwr_ff2755aefca9\v015
epvwr_ff2755aefca9,v016,False,0,False,False,0,0,0,D:\ScaleBridge_EPlus_Work\epvwr_ff2755aefca9\v016
epvwr_ff2755aefca9,v017,False,0,False,False,0,0,0,D:\ScaleBridge_EPlus_Work\epvwr_ff2755aefca9\v017
epvwr_ff2755aefca9,v018,False,0,False,False,0,0,0,D:\ScaleBridge_EPlus_Work\epvwr_ff2755aefca9\v018
epvwr_ff2755aefca9,v019,False,0,False,False,0,0,0,D:\ScaleBridge_EPlus_Work\epvwr_ff2755aefca9\v019
epvwr_ff2755aefca9,v020,False,0,False,False,0,0,0,D:\ScaleBridge_EPlus_Work\epvwr_ff2755aefca9\v020
epvwr_ff2755aefca9,v021,False,0,False,False,0,0,0,D:\ScaleBridge_EPlus_Work\epvwr_ff2755aefca9\v021
epvwr_ff2755aefca9,v022,False,0,False,False,0,0,0,D:\ScaleBridge_EPlus_Work\epvwr_ff2755aefca9\v022
epvwr_ff2755aefca9,v023,False,0,False,False,0,0,0,D:\ScaleBridge_EPlus_Work\epvwr_ff2755aefca9\v023
epvwr_ff2755aefca9,v024,False,0,False,False,0,0,0,D:\ScaleBridge_EPlus_Work\epvwr_ff2755aefca9\v024
epvwr_ff2755aefca9,v025,False,0,False,False,0,0,0,D:\ScaleBridge_EPlus_Work\epvwr_ff2755aefca9\v025
epvwr_ff2755aefca9,v026,False,0,False,False,0,0,0,D:\ScaleBridge_EPlus_Work\epvwr_ff2755aefca9\v026
epvwr_ff2755aefca9,v027,False,0,False,False,0,0,0,D:\ScaleBridge_EPlus_Work\epvwr_ff2755aefca9\v027
epvwr_ff2755aefca9,v028,False,0,False,False,0,0,0,D:\ScaleBridge_EPlus_Work\epvwr_ff2755aefca9\v028
epvwr_ff2755aefca9,v029,False,0,False,False,0,0,0,D:\ScaleBridge_EPlus_Work\epvwr_ff2755aefca9\v029
epvwr_ff2755aefca9,v030,False,0,False,False,0,0,0,D:\ScaleBridge_EPlus_Work\epvwr_ff2755aefca9\v030
epvwr_ff2755aefca9,v031,False,0,False,False,0,0,0,D:\ScaleBridge_EPlus_Work\epvwr_ff2755aefca9\v031
epvwr_ff2755aefca9,v032,False,0,False,False,0,0,0,D:\ScaleBridge_EPlus_Work\epvwr_ff2755aefca9\v032
epvwr_ff2755aefca9,v033,False,0,False,False,0,0,0,D:\ScaleBridge_EPlus_Work\epvwr_ff2755aefca9\v033
epvwr_ff2755aefca9,v034,False,0,False,False,0,0,0,D:\ScaleBridge_EPlus_Work\epvwr_ff2755aefca9\v034
epvwr_ff2755aefca9,v035,False,0,False,False,0,0,0,D:\ScaleBridge_EPlus_Work\epvwr_ff2755aefca9\v035
